,Username,Hashtags,Headings,Likes,Comments,Repost
0,washingtonpost,['NA'],President Biden on Monday night issued a blistering attack on the U.S. Supreme Court for its decision earlier in the day declaring that Donald Trump was immune from prosecution for official acts he took during his presidency.,3800.0,213.0,340.0
1,washingtonpost,['Read more:'],"‚ÄúFor all practical purposes, today‚Äôs decision almost certainly means that there are virtually no limits on what the president can do,‚Äù Biden said, adding that he pledges ‚Äúto respect the limits of the presidential powers.‚Äù",2800.0,74.0,218.0
2,washingtonpost,['Grenada and the nation of St. Vincent and the Grenadines were reeling from a storm that probably will be the region‚Äôs most intense hurricane on record.'],"Hurricane Beryl is now a ‚Äúpotentially catastrophic‚Äù Category 5 hurricane, the earliest ever to reach that strength in the Atlantic.",83.0,9.0,14.0
3,washingtonpost,['Here are our big takeaways:'],"Analysis | The Supreme Court‚Äôs conservative supermajority continued to shift the law to the right in 2024 but did not go as far as it could have. Sometimes, it punted.",40.0,93.0,7.0
4,washingtonpost,['NA'],"A judge released the transcripts from grand jury proceedings in Jeffrey Epstein‚Äôs criminal case in Florida, long sought-after records that could shed further light into the wealthy financier‚Äôs abuse of teenage girls and how he evaded more serious charges.",468.0,29.0,108.0
5,washingtonpost,['NA'],The pandemic‚Äôs toll was laid bare when average math scores on a 500-point scale fell by the steepest declines recorded in more than a half-century of testing. This quiz features some of the questions fourth- and eighth-grade students encountered on that exam. How do you stack up?,11.0,1.0,2.0
6,washingtonpost,['NA'],The judge overseeing the criminal racketeering case against Young Thug recessed the trial indefinitely until an outside judge can review motions from the rapper and others seeking to recuse the judge from the case amid allegations that he and prosecutors held an improper meeting with a key witness.,20.0,1.0,2.0
7,washingtonpost,['NA'],"Hunter Biden has sued Fox News and its parent company over a 2022 miniseries that purported to show a ‚Äúmock trial‚Äù of the president‚Äôs son, claiming that the conservative network made money from publishing his intimate images on the show.",994.0,10.0,84.0
8,washingtonpost,['Here are the takeaways from the ruling.'],"Analysis by Aaron Blake: The Supreme Court ruled that former president Donald Trump and other presidents enjoy a significant degree of immunity for actions taken as president, in a decision that could reverberate not just in Trump‚Äôs criminal cases but also for future presidents.",67.0,26.0,17.0
9,washingtonpost,['NA'],"The Biden team gambled on an early debate and prepared intensively at Camp David, but advisers could not prevent the candidate‚Äôs stumbles onstage.",62.0,172.0,9.0
10,washingtonpost,['Over 60 million people are under heat alerts Monday.'],A surge of extreme heat is overtaking much of the Lower 48 as the usual hottest month of the year gets underway.,48.0,2.0,8.0
11,washingtonpost,['NA'],Read the Supreme Court‚Äôs full decision about presidential immunity here:,28.0,15.0,3.0
12,washingtonpost,['That makes it highly unlikely that Trump will go to trial on charges of trying to subvert the 2020 election before voters cast ballots in this year‚Äôs presidential contest.'],The justices sent the case back to the lower court to determine which acts alleged in the indictment are official.,69.0,32.0,15.0
13,washingtonpost,"['‚ÄúThere is no immunity for unofficial acts,‚Äù the ruling states.', 'Follow live updates:']","Breaking news: The Supreme Court rules presidents have ""absolute"" immunity for clearly official acts.",202.0,107.0,47.0
14,washingtonpost,['The case asked whether state governments have the power to set rules for how social media platforms curate content.'],"Breaking news: The Supreme Court blocks Texas and Florida social media laws barring platforms from deleting content, while litigation continues.",38.0,2.0,11.0
15,washingtonpost,['Follow live updates:'],The Supreme Court will wrap up its term Monday with two momentous decisions: whether former president Donald Trump can be prosecuted for his efforts to block Biden‚Äôs 2020 election victory and whether states can restrict social media companies from removing certain political posts or accounts.,44.0,14.0,5.0
16,washingtonpost,['The decisions could empower conservative judges on lower courts throughout the country to block even more environmental regulations ‚Äî not only under Biden but presidents who follow him.'],"In recent rulings, particularly two last week, the Supreme Court added obstacles to the government‚Äôs ability to regulate air pollution, water pollution and the greenhouse gases that are heating Earth.",172.0,11.0,54.0
17,washingtonpost,['The National Hurricane Center downgraded Beryl from a Category 4 in its 2 a.m. Monday update.'],Hurricane Beryl was approaching the Caribbean with maximum sustained winds of 120 mph early Monday ‚Äî leading islanders to prepare for the violent Category 3 storm to strike later in the morning.,41.0,3.0,3.0
18,washingtonpost,['NA'],"Boeing has reached a $4.7 billion all-stock deal to buy Spirit AeroSystems, a key supplier that provides fuselages for its popular 737 Max jets, including the one involved in a midair blowout this year.",37.0,4.0,3.0
19,washingtonpost,"['‚ÄúHe‚Äôs in,‚Äù Lee said in a text message.']","Quincy Wilson, the 16-year-old sensation who captivated fans at the U.S. Olympic track and field trials, will head to the Paris Games as part of the 4x400-meter relay pool, his coach, Joe Lee, said Sunday night after the trials concluded.",473.0,7.0,27.0
20,washingtonpost,['NA'],"Overnight trains are a growing trend in Europe, with new routes and refurbished cars. We tried three of them.",103.0,3.0,3.0
21,washingtonpost,['NA'],"Technology has unleashed a wave of images that are too weird to be legitimate, but real enough to stir feelings. Are we seeing a new age of surrealism?",62.0,18.0,14.0
22,washingtonpost,['NA'],"People over 50 with anxiety may be up to twice as likely to develop Parkinson‚Äôs disease as their peers without anxiety, a new analysis suggests.",129.0,33.0,28.0
23,washingtonpost,['NA'],The openness of some Black men to voting for Trump ‚Äî despite his history of racist and offensive comments ‚Äî is often rooted in the belief that the Biden administration has not done enough to ease their economic struggles. A defection by a significant number of them could be disastrous for Biden‚Äôs campaign.,154.0,292.0,31.0
24,washingtonpost,['NA'],"Perspective by Rachel Zimmerman: The state trooper had delivered the news of Seth‚Äôs death. Soon, I was laser-focused on solving a single problem: How to tell the girls.",20.0,1.0,112.0
25,washingtonpost,['NA'],"The Midwest floods underscored ways that extreme precipitation could overwhelm infrastructure not designed to endure it ‚Äî and how other environmental, economic and social problems can cascade from there, experts said.",112.0,9.0,23.0
26,washingtonpost,"['But Kang Gyu-rin and her mother, aunt and a family friend are among the few to make it out.']",Hardly anyone has escaped from North Korea since leader Kim Jong Un shuttered his country‚Äôs border with China during the early days of the pandemic.,85.0,1.0,10.0
27,washingtonpost,['NA'],"Soaring global temperatures have accelerated the life cycles and expanded the ranges of the mosquitoes that carry dengue, helping spread the virus to roughly one in every 800 people on the planet in the past six months alone.",97.0,1.0,36.0
28,judicialwatch,['NA'],"NEW Judicial Watch Weekly Update: ‚ÄúHunter Biden Laptop Update!‚Äù
READ: judicialwatch.org/hunte‚Ä¶",23.0,2.0,4.0
29,judicialwatch,['NA'],Show us your support! Get your FREE bumper sticker in the link here: judicialwatch.org/petit‚Ä¶,6.0,4.0,1.0
30,judicialwatch,['NA'],"‚ÄúMr. Biden‚Äôs cognitive issues are a national security issue, which is why America can‚Äôt wait for Election Day. The world, including our enemies, is watching and moving,‚Äù @TomFitton in Washington Times. READ: washingtontimes.com/news‚Ä¶",177.0,10.0,14.0
31,judicialwatch,['NA'],"üö® Is the Rule of Law threatened? Tom Fitton thinks so.
Following his hit ""A Republic Under Assault,"" Fitton's new work is a must-read for anyone concerned about the future of American freedom.
On sale October 2024: judicialwatchbook.com",6.0,2.0,2.0
32,judicialwatch,['NA'],"‚ÄúMr. Biden and his increasingly bizarre behavior have become the punch line for jokes and memes. But cognitive decline isn‚Äôt funny; it‚Äôs tragic,‚Äù @TomFitton in Washington Times. READ: washingtontimes.com/news‚Ä¶",60.0,3.0,9.0
33,judicialwatch,['NA'],"Our republic is under assault! Get your free copy of our handbook on #CRT and learn how to combat it.
Click here: judicialwatch.org/petit‚Ä¶",9.0,2.0,2.0
34,judicialwatch,['NA'],What are your predictions for the debate tonight? Reply below!,4.0,1.0,1.0
35,judicialwatch,['NA'],"BREAKING: Judicial Watch received eight pages of records from the CIA showing Mike Morell, former acting CIA director under President Obama, requesting CIA permission to publish a letter by former intelligence community leaders stating that they believed the laptop emails exposing Hunter Biden‚Äôs connections to Ukraine were Russian disinformation. READ: judicialwatch.org/infam‚Ä¶",57.0,2.0,7.0
36,judicialwatch,['NA'],CRISIS: This isn't a question of who you should vote for. This is a question of whether President Biden is fit to serve right now as President of the United States! I think it's an open question. @tomfitton,48.0,5.0,6.0
37,judicialwatch,['NA'],,8.0,2.0,2.0
38,judicialwatch,['NA'],"BIDEN PROTECTION RACKET: If government officials are lying about the mental status of President Biden, then it‚Äôs a government corruption issue. If it were a Republican president, there would be a media and political firestorm, multiple congressional hearings, etc. @tomfitton",62.0,3.0,8.0
39,judicialwatch,['NA'],"REPUGNANT: The Biden Justice Department is saying that the privacy for Joe Biden's interview with Hur is just like releasing the audio of astronauts dying in an explosion. The Garland DOJ is just beneath contempt in making this argument. @TomFitton
READ: jwatch.us/V3DaS‚Ä¶",125.0,8.0,15.0
40,judicialwatch,['NA'],"BIDEN WANTS TO USE AI AS EXCUSE TO END FOIA: ‚ÄúThe arguments that the audio recordings can‚Äôt be released because of the dangers of modern technology are facile. If government records could not be disclosed because of the concern for manipulation, no record would ever be public under FOIA. The Biden gang says we can‚Äôt get the records because AI can manipulate the audio.‚Äù @TomFitton
READ: judicialwatch.org/audio‚Ä¶",27.0,2.0,7.0
41,judicialwatch,['NA'],"BREAKING: Judicial Watch received eight pages of records from the CIA showing Mike Morell, former acting CIA director under President Obama, requesting CIA permission to publish a letter by former intelligence community leaders stating that they believed the laptop emails exposing Hunter Biden‚Äôs connections to Ukraine were Russian disinformation. READ: judicialwatch.org/infam‚Ä¶",48.0,8.0,8.0
42,judicialwatch,['NA'],"""Judicial Watch was the first to sue for the audio of Joe Biden‚Äôs interview with Special Counsel Hur, but the Biden gang said we can‚Äôt have it because it violates Biden‚Äôs ‚Äúprivacy‚Äù. AG Garland is so desperate to hide this audio that he went into contempt of Congress!"" @TomFitton
READ: judicialwatch.org/audio‚Ä¶",77.0,2.0,10.0
43,judicialwatch,['NA'],,4.0,1.0,1.0
44,judicialwatch,['On sale October 2024: judicialwatchbook.com'],"NEW BOOK ALERT! üìöüö®
Bestselling author Tom Fitton is back with a powerful new book that exposes the threats to American liberty. In ""Rights and Freedoms in Peril,"" Fitton and Judicial Watch:
‚Ä¢	Reveal how the Left is undermining core American principles
‚Ä¢	Expose the war on the rule of law, merit, and border security
‚Ä¢	Urgently call the American people to action to save our freedoms",8.0,188.0,188.0
45,judicialwatch,['NA'],"""The FBI is irredeemably corrupt! Based on these documents Judicial Watch received, the FBI was sending over dirt to Democrats in Congress on whistleblowers to undermine their testimony to Congress,"" @TomFitton.
READ: judicialwatch.org/infor‚Ä¶",188.0,5.0,23.0
46,judicialwatch,['NA'],LIKE if you will be watching the Trump-Biden debate!,290.0,33.0,4.0
47,judicialwatch,['NA'],"""Judicial Watch‚Äôs lawsuit shows that the FBI was working with Democratic staffers for Dan Goldman on the Hill to target FBI whistleblowers,"" @TomFitton.
READ: judicialwatch.org/infor‚Ä¶",64.0,1.0,9.0
48,judicialwatch,['NA'],"‚ÄúGiven the woke virus infecting West Point, deleting the words ‚ÄòDuty, Honor, Country‚Äô from its mission statement has sparked justified concern about what the Army‚Äôs rising leadership is being taught at the U.S. Military Academy. And the unlawful stonewalling of the release of records about the issue makes matters worse,‚Äù Judicial Watch President @TomFitton in Washington Examiner.
READ: washingtonexaminer.com/news‚Ä¶",21.0,3.0,1.0
49,judicialwatch,['NA'],shopjw.org,1.0,1.0,11.0
50,judicialwatch,['NA'],"NEW: The massive federal agency created after 9/11 to ‚Äúsafeguard the American people‚Äù risks national security by allowing criminals, suspected terrorists and other nefarious actors into the United States and letting asylum seekers with derogatory information remain in the country.
READ: judicialwatch.org/dhs-l‚Ä¶",11.0,15.0,15.0
51,judicialwatch,['NA'],"""Judicial Watch filed the first FOIA lawsuit and is the lead plaintiff asking for the Biden audio recordings of his interviews in Special Counsel Hur‚Äôs criminal investigation of Biden‚Äôs theft and disclosure of classified records. The Judicial Watch lawsuit already helped force the release of a redacted transcript of the Biden interview,"" @TomFitton.
READ: judicialwatch.org/audio‚Ä¶",15.0,4.0,2.0
52,judicialwatch,['NA'],"""Judicial Watch got new documents about how the FBI was coordinating and colluding with Democrats in Congress against whistleblowers who are blowing the whistle on FBI misconduct and abuse!"" @TomFitton
READ: judicialwatch.org/infor‚Ä¶",50.0,2.0,6.0
53,judicialwatch,['NA'],"NEW Judicial Watch Tipsheet: ‚ÄúFOIA Under Attack by Biden DOJ!‚Äù
READ: judicialwatch.org/foia‚Ä¶",11.0,,
54,dailymail,['NA'],Paris Hilton leaves fans stunned with her dramatic voice change SEE MORE: trib.al/YGoi0‚Ä¶,24.0,1.0,3.0
55,dailymail,['NA'],Billy Ray Cyrus' ex Firerose reveals his 'strict rules' and details alleged 'domestic abuse' SEE MORE: trib.al/LLn4g‚Ä¶,5.0,25.0,25.0
56,dailymail,['NA'],Princess Diana's niece Lady Kitty Spencer finally reveals her daughter's name SEE MORE: trib.al/BvqNI‚Ä¶,25.0,1.0,1.0
57,dailymail,['NA'],Concerns grow for all MAFS stars' well-being after tragic groom's death aged 33 SEE MORE: trib.al/M1t1s‚Ä¶,6.0,10.0,10.0
58,dailymail,['NA'],Tragedy strikes as woman dies on a plane at take off SEE MORE: trib.al/rJw2d‚Ä¶,10.0,123.0,123.0
59,dailymail,['NA'],Jude Bellingham could be BANNED from England's Euro 2024 quarter-final SEE MORE: trib.al/B7jR9‚Ä¶,123.0,8.0,1.0
60,dailymail,['NA'],Nicole Scherzinger shows off her very toned curves in a tiny black bikini SEE MORE: trib.al/Mb4Ag‚Ä¶,16.0,1.0,1.0
61,dailymail,['NA'],Kanye West's wife Bianca Censori is accused of sending porn to Yeezy staff SEE MORE: trib.al/Q7Zne‚Ä¶,16.0,5.0,2.0
62,dailymail,['NA'],Taylor Swift is CARRIED OFF of platform on stage after mechanical glitch at Saturday's Dublin concert SEE MORE: trib.al/ASDL8‚Ä¶,28.0,1.0,1.0
63,dailymail,['NA'],Kylie Jenner and Timothee Chalamet spotted together for first time in FIVE MONTHS SEE MORE: trib.al/Qi0sw‚Ä¶,26.0,2.0,2.0
64,dailymail,['NA'],Tom Cruise makes rare public outing with son Connor he shares with Nicole Kidman in London SEE MORE: trib.al/UcLa9‚Ä¶,51.0,1.0,1.0
65,dailymail,['NA'],"Princess Beatrice and Edoardo Mapelli Mozzi tuck into lunch on Worthy Farm at the final day of Glastonbury Festival SEE MORE: 
 trib.al/LiW1m‚Ä¶",16.0,86.0,86.0
66,dailymail,['NA'],Jennifer Lopez looks tense alongside her child Emme during lunch date in LA... after Ben Affleck 'moves his things out' of their $60M mansion SEE MORE: trib.al/Ozuas‚Ä¶,86.0,7.0,2.0
67,dailymail,['NA'],Inside Melania and Donald Trump's love life SEE MORE: trib.al/D9iuJ‚Ä¶,21.0,10.0,1.0
68,dailymail,['NA'],Coldplay reveal reason why they brought 'amazing' Michael J. Fox on stage SEE MORE: trib.al/8pCol‚Ä¶,291.0,9.0,9.0
69,dailymail,['NA'],Peaky Blinders star announces birth of first baby SEE MORE: trib.al/xAFaN‚Ä¶,9.0,1.0,1.0
70,dailymail,['NA'],Backlash grows after Prince Harry wins award set up to honour war hero SEE MORE: trib.al/XlLeO‚Ä¶,169.0,66.0,11.0
71,dailymail,['NA'],Maria Sharapova looks unrecognisable as she returns to Centre Court SEE MORE: trib.al/7S6bJ‚Ä¶,11.0,2.0,2.0
72,dailymail,['NA'],Man lucky to be alive after he stood on a gumnutneeded to have his leg amputated SEE MORE: trib.al/U2t9y‚Ä¶,24.0,9.0,454.0
73,dailymail,['NA'],Tom Cruise dances to Oasis at Glastonbury SEE MORE: trib.al/dhorA‚Ä¶,454.0,27.0,6.0
74,dailymail,['NA'],Married At First Sight star tragically dies aged 33 as tributes flood in SEE MORE: trib.al/ls76z‚Ä¶,37.0,88.0,88.0
75,dailymail,['NA'],Cyndi Lauper faces criticism for her Glastonbury performance SEE MORE: trib.al/JN4zY‚Ä¶,88.0,26.0,310.0
76,dailymail,['NA'],Lip reader shares exactly what Travis Kelce said to Taylor Swift during Wembley concert SEE MORE: trib.al/uWuOn‚Ä¶,310.0,2.0,2.0
77,dailymail,['NA'],Porn star Austin Wolf mouths two word message to his partner as he appears in court SEE MORE: trib.al/ZbrQy‚Ä¶,3.0,1.0,1.0
78,dailymail,['NA'],Fans left shocked after Caitlin Clark makes stunning admission about her Indiana Fever coach Christie Sides SEE MORE: trib.al/Pdrh1‚Ä¶,3.0,68.0,68.0
79,dailymail,['NA'],Blake Lively puts on a very leggy display as she enjoys dinner in New York City SEE MORE: trib.al/NRM6v‚Ä¶,68.0,3.0,3.0
80,dailymail,['NA'],Inside the biggest nudist festival in the UK SEE MORE: trib.al/Pdrh1‚Ä¶,,,
81,reuters,['NA'],"Beach access in the Russian Black Sea port of Novorossiysk will be restricted, the mayor of the city said, after reporting that defense forces were engaged in repelling a sea drone attack reut.rs/3VNLA‚Ä¶",25.0,2.0,2.0
82,reuters,['NA'],"Britain's Keir Starmer and Rishi Sunak kicked off the last day of campaigning before polls open in a national election, each warning voters of dire economic consequences if the other man wins reut.rs/45LZP‚Ä¶",14.0,38.0,38.0
83,reuters,['NA'],"Trapped in a Catholic mission sheltering dozens of women and children from the war raging on the streets of Khartoum, Father Jacob Thelekkadan punched new holes in his belt as the supplies of food dwindled and he grew thinner reut.rs/45RE9‚Ä¶",38.0,9.0,9.0
84,reuters,['NA'],Australia named former Wallabies winger Mark Nawaqanitawase and ACT Brumbies flyer Corey Toole in their men's squad for the rugby sevens tournament at the Paris2024 Olympics reut.rs/4cljl‚Ä¶,7.0,16.0,16.0
85,reuters,['NA'],"US venture capital funding surged to $55.6 billion in the second quarter, marking the highest quarterly total in two years, according to PitchBook data reut.rs/3W7JI‚Ä¶",16.0,1.0,4.0
86,reuters,['NA'],"US President Joe Biden and Israeli Prime Minister Benjamin Netanyahu are expected to meet in Washington in late July when the Israeli leader comes to address the US Congress about his country's war in Gaza, a White House official said reut.rs/4cqnT‚Ä¶",32.0,16.0,6.0
87,reuters,['NA'],"From @Breakingviews: India‚Äôs chase of foreign shorts hits close to home, say Una Galani and Shritama Bose reut.rs/4bs0Q‚Ä¶",1.0,49.0,49.0
88,reuters,['NA'],Green campaigners in a diving resort in the Philippines have come up with a novel way to clean up the town's shores - offering to swap a bag of rice for every sack of trash gathered by local residents reut.rs/3Lbrh‚Ä¶,49.0,5.0,5.0
89,reuters,['NA'],"Japan began circulating its first new banknotes in 20 years, featuring three-dimensional portraits of the founders of financial and female education institutions in an attempt to frustrate counterfeiters reut.rs/3xTzU‚Ä¶",51.0,2.0,11.0
90,reuters,['NA'],"Ukraine is not ready to compromise with Russia and give up any territory to end the war, a senior Ukrainian official said when asked about US presidential candidate Donald Trump's declaration that he could quickly end the conflict reut.rs/3XQC0‚Ä¶",187.0,12.0,33.0
91,reuters,['NA'],Belarusian President Alexander Lukashenko said that he was likely to issue an amnesty to some of his jailed political opponents who had taken part in protests against his re-election but were now seriously ill in prison with cancer reut.rs/4bveZ‚Ä¶,27.0,7.0,4.0
92,reuters,['NA'],"Hurricane Beryl barreled toward Jamaica as a powerful Category 4 storm, threatening to dump rain on parts of Hispaniola after leaving at least three people dead on smaller islands in the eastern Caribbean reut.rs/3XPaw‚Ä¶",38.0,10.0,10.0
93,reuters,['NA'],"A Malaysian court dismissed jailed former Prime Minister Najib Razak's legal bid to obtain a document that he said would allow him to serve his remaining prison sentence under house arrest, his lawyer said reut.rs/3XNkw‚Ä¶",13.0,1.0,2.0
94,reuters,['NA'],"Around 250,000 people had gathered at the Hindu religious congregation in northern India where 116 people died in a stampede, more than triple the capacity permitted by authorities, according to a police document reviewed by @Reuters reut.rs/4eMs0‚Ä¶",17.0,2.0,1.0
95,reuters,['NA'],"Passengers from an Air Europa flight diverted to northeastern Brazil due to severe turbulence on Monday said they feared for their lives during the incident which injured around 40 people, four of whom were taken to intensive care units reut.rs/3L97g‚Ä¶",24.0,10.0,10.0
96,reuters,['NA'],"Better-than-expected US electric-vehicle sales in the second quarter brought welcome relief to investors after a sharp slowdown in demand triggered by high interest rates, but EV makers still face a bumpy road ahead reut.rs/3VS5d‚Ä¶",25.0,3.0,4.0
97,reuters,['NA'],"Shari Redstone's National Amusements has reached a preliminary deal to sell its controlling interest in Paramount to David Ellison's Skydance Media, three sources familiar with the matter told @Reuters reut.rs/3W9KE‚Ä¶",13.0,3.0,3.0
98,reuters,['NA'],A dozen former US government officials who quit over US support for Israel's war in the Gaza Strip accused President Joe Biden's administration of ‚Äòundeniable complicity‚Äô in the killing of Palestinians in the enclave reut.rs/3W6ib‚Ä¶,190.0,46.0,47.0
99,reuters,['NA'],"Chinese officials boarded and then seized a Taiwanese fishing boat operating near China's coast close to a Taiwan-controlled island and took it to a Chinese port, the Taiwan coast guard said, in a further escalation of tensions reut.rs/3ROpR‚Ä¶",45.0,1.0,10.0
100,reuters,['NA'],"A leading US anti-abortion group warned Donald Trump not to water down language in the party platform on abortion restrictions, the most visible sign yet of a widening fissure between Trump and social conservatives on the issue reut.rs/4cKHl‚Ä¶",43.0,8.0,8.0
101,reuters,['NA'],"Independent US presidential candidate Robert F. Kennedy Jr. said he has ‚Äòso many skeletons in my closet,‚Äô when asked about an allegation in a Vanity Fair article that he sexually assaulted a former family babysitter reut.rs/4cLH3‚Ä¶",136.0,33.0,45.0
102,reuters,['NA'],"US President Joe Biden acknowledged his performance during last Thursday's presidential debate wasn't his best, but blamed it on jet lag after two overseas trips earlier in June reut.rs/3zAKm‚Ä¶",45.0,59.0,3.0
103,reuters,['NA'],"Some elected Democrats loyal to President Joe Biden raised fresh questions about his 2024 re-election bid, with one calling for him to step aside, a shift after many defended him in the wake of last week's shaky debate performance reut.rs/4bBOP‚Ä¶",56.0,68.0,4.0
104,reuters,['NA'],Air Europa passengers helped a man who appeared to get stuck in the plane‚Äôs overhead bin after severe turbulence on Monday (July 1). Passengers said they feared for their lives during the incident which injured around 30 people and left six in hospital.,157.0,15.0,25.0
105,reuters,['NA'],"Hurricane Beryl battered eastern Caribbean islands on Monday (July 1) and Tuesday (July 2), setting the tone for what the World Meteorological Organization calls a ‚Äòvery dangerous‚Äô hurricane season.",70.0,2.0,4.0
106,reuters,['NA'],"A judge delayed Donald Trump's sentencing for his conviction on criminal charges stemming from hush money paid to porn star Stormy Daniels until Sept. 18, after the former US president asked for a chance to argue he should've been immune from prosecution reut.rs/4eJsh‚Ä¶",28.0,31.0,359.0
107,reuters,['NA'],"Rudy Giuliani lost his New York law license after a state appeals court found he had lied in arguing that the 2020 presidential election was stolen from his client, Republican former US President Donald Trump reut.rs/4brWS‚Ä¶",359.0,20.0,24.0
108,nypost,['NA'],The mile-high mishap reportedly occurred aboard United Flight 12 as it was traveling from Zurich to Chicago.,12.0,2.0,4.0
109,nypost,['NA'],"‚ÄúIf there was a way to divorce on grounds of temporary insanity, he would,‚Äù an insider shares.",17.0,6.0,41.0
110,nypost,['NA'],Ben Affleck appears to have returned to his broody self.,41.0,6.0,1.0
111,nypost,['NA'],Jennifer Lopez and Ben Affleck are still going strong.,11.0,10.0,10.0
112,nypost,['NA'],It was a family affair.,10.0,3.0,11.0
113,nypost,['NA'],It‚Äôs been a rough month for Ben Affleck.,11.0,1.0,10.0
114,nypost,['NA'],Heartbreaking‚Ä¶ nypost.com/2024‚Ä¶,10.0,1.0,1.0
115,nypost,['NA'],A graduating student senior at a Tennessee high school launched his diploma at another student as he was being escorted out of the ceremony for allegedly showing gang signs. nypost.com/2024‚Ä¶,10.0,1.0,3.0
116,nypost,['NA'],‚ÄúWe‚Äôre going to demand a drug test.‚Äù nypost.com/2024‚Ä¶,60.0,49.0,4.0
117,nypost,['NA'],"The ‚ÄúChicken Fried‚Äù singer is hoping a judge will prevent Yazdi from making false, harmful or defamatory remarks. nypost.com/2024‚Ä¶",4.0,1.0,1.0
118,nypost,['NA'],EXCLUSIVE ‚Ä¶ nypost.com/2024‚Ä¶,37.0,5.0,2.0
119,nypost,['NA'],"The pro golfer was booked before 7:30 a.m. Friday, according to the Louisville Metropolitan Department of Corrections.",4.0,1.0,14.0
120,nypost,['NA'],"‚ÄúI‚Äôve always had a big passion for structural steel,‚Äù the daughter joked.",14.0,1.0,1.0
121,nypost,['NA'],Harrison Butker‚Äôs recent commencement address at Benedictine College has been criticized by a number of people across the sporting spectrum.,17.0,6.0,2.0
122,nypost,['NA'],‚ù§Ô∏è,17.0,118.0,118.0
123,nypost,['NA'],Chiefs heiress Gracie Hunt praised Harrison Butker when asked about kicker‚Äôs comments about women during his now-viral commencement speech.,118.0,137.0,5.0
124,nypost,['NA'],"‚ÄúIt was like I was trapped in a movie, one with a hideous plot twist,‚Äù she said of the harrowing revelation.",13.0,1.0,3.0
125,nypost,['NA'],Affleck had one demand when they rekindled their romance.,3.0,15.0,15.0
126,nypost,['NA'],BREAKING‚Ä¶,15.0,6.0,2.0
127,nypost,['NA'],"It was one of the largest hacks in internet history, and wreaked havoc on untold numbers of families. It also exposed many celebs who were Ashley Madison clients.",13.0,1.0,1.0
128,nypost,['NA'],Here‚Äôs everything you need to know about Isabelle.,1.0,1.0,9.0
129,nypost,['NA'],"""By take five I was so in love!""",9.0,6.0,6.0
130,nypost,['NA'],iPhone users are causing some much-dreaded d√©j√† vu.,6.0,7.0,7.0
131,nypost,['NA'],"Among those taking umbrage with Butker‚Äôs comments includes ex-Chiefs offensive lineman Max Schwartz‚Äôs wife, Brooke.",7.0,1.0,1.0
132,nypost,['NA'],This pin might make you an easy target.,2.0,1.0,1.0
133,nypost,['NA'],The worker appeared to have no idea that his colleagues had just started moving the steps away when he suddenly steps out.,7.0,12.0,12.0
134,nypost,['NA'],"""Four-hour flight, so cold,"" the passenger says as she shows off her drenched hair and clothes.",12.0,3.0,1.0
135,nypost,['NA'],Kansas City wants nothing to do with him.,9.0,13.0,2.0
136,nypost,['NA'],"""I couldn't be happier!""",10.0,1.0,11.0
137,nypost,['NA'],Benny Blanco has babies on the brain.,11.0,1.0,
138,nytimes,['NA'],"The Supreme Court ruled on Monday that Donald Trump is entitled to substantial immunity from prosecution on charges of trying to overturn the last election. President Biden warned that the decision meant there were ""virtually no limits on what the president can do"" and urged voters to prevent Trump from returning to the White House. Read more on how the Supreme Court's conservative majority views the power of the nation's leader, based on key excerpts from the ruling: nyti.ms/3XJAI‚Ä¶",235.0,37.0,32.0
139,nytimes,['NA'],"A series of TikTok videos about a bride‚Äôs dissatisfaction with her wedding photos spurred online discussions, with pros offering advice on how to hire a wedding photographer.",21.0,6.0,1.0
140,nytimes,"['‚ÄúThe Supreme Court delivered a gift of inestimable worth to Donald Trump and all future presidents who intend to violate the law and their oaths to the Constitution,‚Äù the editorial board writes. nyti.ms/3xIXQ‚Ä¶']",From @nytopinion,241.0,72.0,37.0
141,nytimes,['NA'],Struggling to find something new to watch? These are our picks for the best movies and TV shows coming to streaming this month.,24.0,4.0,5.0
142,nytimes,['NA'],"Hurricane Beryl, the first of this year‚Äôs season, left a trail of destruction as it swept through the eastern Caribbean Islands on Monday, officials said. Grenada's prime minister said the island of Carriacou had been ‚Äúflattened‚Äù in just half an hour.",36.0,11.0,11.0
143,nytimes,['NA'],"Israel released the director of Gaza‚Äôs largest hospital on Monday after detaining him for more than seven months, Palestinian health officials said, a move that drew an immediate outcry in Israel even though no charges against him have been made public. nyti.ms/3L9dv‚Ä¶",449.0,61.0,103.0
144,nytimes,['NA'],"Brooke Shields is the new president of Actors‚Äô Equity Association, the union representing theater actors and stage managers in the U.S. She spoke with us about her crash course as a labor leader. Read the interview. nyti.ms/3xJR9‚Ä¶",1000.0,11.0,42.0
145,nytimes,['NA'],Key excerpts from the Supreme Court ruling that declared former presidents have immunity for their official actions reveal how the conservative justices view the power of the nation‚Äôs leader. Here's what we found.,42.0,19.0,12.0
146,nytimes,['NA'],The Manhattan district attorney‚Äôs office on Monday is expected to make its recommendation to a judge on whether to imprison Donald Trump for his recent felony conviction. The submission may remain confidential until the judge levies his punishment on July 11.,609.0,109.0,61.0
147,nytimes,"['Therapists, researchers and an etiquette expert weigh in on when you can disappear with a clear conscience and the ways to get around it.']",Is ghosting ever OK?,22.0,9.0,9.0
148,nytimes,['NA'],Mathematicians and hobbyists have had a half-century of fun exploring the more than 43 billion billion permutations of Erno Rubik‚Äôs puzzle. nyti.ms/3XQ5R‚Ä¶,47.0,6.0,6.0
149,nytimes,['NA'],"On the last day of its term, the Supreme Court ruled that Donald Trump is partly immune from prosecution on charges that he used his office to try to subvert the 2020 election, returning the case to the lower courts for additional analysis. See how they ruled on other recent cases: nyti.ms/3W6pV‚Ä¶",129.0,34.0,31.0
150,nytimes,['NA'],"Steve Bannon, an ally to Donald Trump, held a rally on Monday before surrendering to serve a four-month sentence for refusing to honor a subpoena from a committee investigating the Jan. 6 Capitol riot.¬†nyti.ms/45RHB‚Ä¶",168.0,36.0,5.0
151,nytimes,['NA'],"The National Portrait Gallery bought the earliest known photograph of an American first lady, a daguerreotype of Dolley Madison likely taken in 1846, for $456,000.",164.0,2.0,13.0
152,nytimes,['NA'],"A camping retreat for men ‚Äî many of them formerly incarcerated ‚Äî provides a space where they can speak about their struggles, in a vulnerable way, in front of other men. nyti.ms/4eKna‚Ä¶",49.0,2.0,3.0
153,nytimes,['NA'],"The Supreme Court allowed more time for companies to fight regulations, ruling that a six-year statute of limitations for filing lawsuits begins to run when a regulation first affects a company rather than when it is first issued.",56.0,9.0,8.0
154,nytimes,['NA'],"If you‚Äôre looking to mix it up this July 4, or throughout the summer, here are six beach destinations around the U.S. to inspire a new adventure. nyti.ms/3W34x‚Ä¶",31.0,1.0,1.0
155,nytimes,['NA'],"A growing number of scientists suggest that troops are getting brain injuries from firing heavy weapons. An old party trick involving a beer bottle explains the physics of what happens when a blast wave hits the brain, and the damage it can cause. Watch here. nyti.ms/3zAfG‚Ä¶",450.0,20.0,97.0
156,nytimes,['NA'],Breaking News: The Supreme Court declined to rule on two related cases that curb the power of social media companies to moderate content. Critics had said the laws violated the sites‚Äô First Amendment rights.¬†nyti.ms/3ziuM‚Ä¶,27.0,4.0,5.0
157,nytimes,['NA'],"Breaking News: The Supreme Court ruled that Donald Trump is entitled to some level of immunity from prosecution, a decision that may effectively delay the trial on charges against him of plotting to subvert the 2020 election. nyti.ms/3RKT3‚Ä¶",141.0,111.0,36.0
158,nytimes,"['‚ÄúI know I‚Äôm not a young man,‚Äù Biden says. ‚ÄúBut I know how to do this job. I know right from wrong. I know how to tell the truth. And I know, like millions of Americans know, when you get knocked down you get back up.‚Äù']","President Biden‚Äôs campaign will begin airing a new ad that seeks to recover from his halting debate performance, focusing instead on his energetic appearance at a rally the next day.",432.0,51.0,26.0
159,nytimes,['NA'],Is organic produce really worth the cost? And is it better for the climate? Here‚Äôs what to know.,23.0,11.0,
160,wsj,['NA'],"Exclusive: Imagine Entertainment, the Hollywood production company led by director Ron Howard and producer Brian Grazer, is exploring a sale.",12.0,1.0,2.0
161,wsj,['Read more: on.wsj.com/3VPm6‚Ä¶'],Thousands of ultra-Orthodox Jewish men in Jerusalem protested mandatory military conscription after Israel‚Äôs top court ruled that the military must start drafting religious students.,142.0,62.0,28.0
162,wsj,"['He wasn‚Äôt the only one. Around 15 Conservative Party officials are also being probed for placing a ‚Äúflutter‚Äù on the election date.', 'In the U.S., gambling on elections is prohibited by many states. But British punters can bet on pretty much whatever they want, as long as someone will take the other side of the bet.']","Days before British Prime Minister Rishi Sunak called a surprise general election to be held on July 4, one of his aides placed a ¬£100 bet that an election would take place in July.",15.0,1.0,1.0
163,wsj,['NA'],Simone Biles heads up a team of four Tokyo Olympians and a 16-year-old newcomer after injuries punched massive holes in the potential roster for the Summer Games in Paris.,33.0,2.0,2.0
164,wsj,['NA'],"The Supreme Court ruled former presidents retain significant immunity from prosecution for acts taken while in office, complicating efforts to prosecute Donald Trump.",45.0,18.0,3.0
165,wsj,['NA'],"When the Pentagon needed to get a satellite into orbit, United Launch Alliance for years got the call. But ULA‚Äôs virtual monopoly has been usurped over the past decade by Elon Musk‚Äôs SpaceX.",12.0,1.0,1.0
166,wsj,"['How will she celebrate when all of her matches are over?', '‚ÄúI‚Äôm always craving a burger, fries and Diet Coke. A burger was the first thing I had after the French Open. Also, staying up late. I‚Äôm a night owl. If I had the choice I‚Äôd stay up until 2 a.m. every night.‚Äù on.wsj.com/3RPHJ‚Ä¶']","Coco Gauff is gearing up for a competitive tour that will take her first to Wimbledon, then the Paris Olympics.",150.0,8.0,5.0
167,wsj,['NA'],Kindle sales are booming. Self-appointed ‚ÄúKindle girlies‚Äù and #BookTok are helping make the e-reader a coveted accessory.,25.0,5.0,5.0
168,wsj,['NA'],The war in Ukraine is settling in for a brutal season during which thousands will likely die on both sides but neither appears poised to muster a decisive breakthrough.,49.0,3.0,3.0
169,wsj,['NA'],Residents of a Cambodian coastal village say they have been warned not to talk about the big expansion taking place at the nearby naval base or the two hulking gray Chinese warships docked there.,32.0,5.0,5.0
170,wsj,['NA'],"Our 20s and 30s are busy years, full of change. Mine had one constant: a goldendoodle named Franny. I miss the dog who watched me build my life, writes Rachel Feintzeig.",19.0,178.0,178.0
171,wsj,['NA'],The epic collapse of what was supposed to be a transformative moment leaves metro New York grappling with a historic missed opportunity and fiscal mess.  on.wsj.com/3xFEN‚Ä¶,178.0,28.0,9.0
172,wsj,['NA'],"McDonald‚Äôs, Burger King and Denny‚Äôs are using promotions such as $5 meal bundles to win back diners.",40.0,25.0,7.0
173,wsj,['NA'],"Breaking: Marine Le Pen‚Äôs far-right party is leading in French parliamentary elections, projections show, moving closer to sharing power with President Emmanuel Macron.",23.0,4.0,5.0
174,wsj,"['üéßListen to the last episode of our series‚ÄìAdulting 101: Navigating the Real World. on.wsj.com/3xEHq‚Ä¶', 'See our full mini-series here.üëá']","Before your first paycheck does a disappearing act, it might be a good idea to set up a budget. Can you keep your expenses on track, and still have space for some fun?",8.0,1.0,1.0
175,wsj,['üé•Here‚Äôs how 7-Eleven is reinventing its food operation‚Äîwith help from its Japanese parent company. on.wsj.com/4cIt7‚Ä¶'],"Seven-Eleven Japan is known for its food and beverages, from ramen and onigiri to milk tea.",297.0,21.0,38.0
176,wsj,['‚ÄúIt‚Äôs like having a digital glass of wine.‚Äù'],Make-believe house hunts can transport people out of their current problems into a fantasy of a better future.,16.0,3.0,3.0
177,wsj,['NA'],Two cat actors were motivated with cheesy treats to play Frodo in ‚ÄúA Quiet Place: Day One‚Äù‚Äî Lupita Nyong‚Äôo feline sidekick who steals the movie.,43.0,2.0,2.0
178,wsj,['NA'],"With a flurry of flashy hotel openings and newly opened restaurants snatching up Michelin stars, Nice has finally got its cool back.
üîó on.wsj.com/45ICf‚Ä¶",151.0,3.0,8.0
179,wsj,['NA'],Doctors are using the Apple Watch as part of how they diagnose and help their patients manage disease‚Äîwhether or not it‚Äôs been specifically approved for such applications by the FDA.,77.0,2.0,10.0
180,wsj,['NA'],A California church founded in the 19th century tried to modernize some of its conservative traditions to keep its members in the fold. It backfired.,16.0,1.0,1.0
181,wsj,['NA'],"The WSJ identified key moments where candidates misspoke, trailed off or made false claims about their presidential records.",9.0,11.0,16.0
182,wsj,['NA'],"From the searing third season of ‚ÄúThe Bear‚Äù to ‚ÄúA Quiet Place: Day One,‚Äù here‚Äôs a roundup of the month‚Äôs best movies and TV shows as covered by The Wall Street Journal‚Äôs critics.",16.0,1.0,1.0
183,wsj,['NA'],Nikki Haley said Democrats need to dump President Biden as their presumptive nominee following his halting debate performance as she reiterated her calls for cognitive testing of all federal candidates.,92.0,198.0,22.0
184,wsj,"[""He‚Äôs traveled 32,000 miles and he's not done yet. \nüîó on.wsj.com/3W5yC‚Ä¶""]",One man is on a yearlong quest across seven continents with the goal of hand-delivering 50 postcards.,18.0,2.0,2.0
185,wsj,['NA'],The abortion-rights movement has unexpected new allies: young men who say more guys need to ‚Äúget off the sidelines.‚Äù,529.0,22.0,98.0
186,cnn,['NA'],"A woman accused of trying to drown a 3-year-old Muslim and Palestinian child in an apartment complex pool in Texas has been rearrested, inmate records show. cnn.it/4eH4j‚Ä¶",371.0,54.0,69.0
187,cnn,['NA'],Grills won‚Äôt be the only thing sizzling this Fourth of July cnn.it/4bB5S‚Ä¶,59.0,9.0,10.0
188,cnn,['NA'],"Robert Towne, the Oscar-winning screenwriter of a number of acclaimed movies, including the classic 1974 noir thriller ‚ÄúChinatown‚Äù starring Jack Nicholson and Faye Dunaway, has died. He was 89 years old. cnn.it/3W7Jr‚Ä¶",83.0,14.0,14.0
189,cnn,['NA'],"A US appeals court threw out the dismissal of an antitrust lawsuit accusing 10 large banks of overcharging investors on corporate bonds, saying the trial judge should have been recused because his wife owned stock in one of the banks. cnn.it/4bryJ‚Ä¶",141.0,10.0,33.0
190,cnn,['NA'],"At least 19 bodies were discovered on Monday in an abandoned truck in the southern Mexican state of Chiapas, near the border with Guatemala, according to the state‚Äôs attorney general. cnn.it/3xPtL‚Ä¶",53.0,3.0,14.0
191,cnn,['NA'],"Hurricane Beryl made landfall on Carriacou Island, Grenada, before making its way to Barbados, leaving a trail of destruction behind. Read more: cnn.it/3RQoe‚Ä¶",102.0,1.0,17.0
192,cnn,['NA'],The Atlanta City Council voted Monday to approve a $2 million settlement for two students forcibly pulled from their car and tased by police during a protest following the death of George Floyd. cnn.it/3RNNf‚Ä¶,112.0,5.0,21.0
193,cnn,['NA'],CNN's Nada Bashir reports on Palestinians returning to their families and alleging that they were tortured inside an Israeli detention center before being released on July 1. cnn.it/3W9Dt‚Ä¶,104.0,65.0,28.0
194,cnn,['NA'],"Ian McKellen is focused on making a full recovery after an accident sidelined him from the stage, but says he will not return to the featured role of a production‚Äôs tour as he‚Äôd initially planned. cnn.it/4ckUb‚Ä¶",72.0,1.0,1.0
195,cnn,['NA'],"The White House fended off tough questions about President Joe Biden‚Äôs mental fitness, acknowledging his poor performance in last week‚Äôs debate while maintaining the president is still able to hold and run for office. cnn.it/3L7xA‚Ä¶",56.0,61.0,5.0
196,cnn,['NA'],"Thirty passengers were injured Monday after a flight Monday from Madrid to Uruguay encountered ""strong turbulence"" and had to make an emergency landing in Brazil, a statement from the Spanish airline Air Europa said. cnn.it/3W7P5‚Ä¶",118.0,10.0,27.0
197,cnn,['NA'],"Leonard Peltier, the Indigenous activist convicted of the 1975 murders of two FBI agents, has been denied parole, his attorney told CNN. cnn.it/3xLus‚Ä¶",50.0,1.0,11.0
198,cnn,['NA'],"Actor Jamie Foxx has shared new details about the health crisis that left him ""gone for 20 days."" cnn.it/4cLXN‚Ä¶",57.0,5.0,2.0
199,cnn,['NA'],"CDK Global said ‚Äúsubstantially all‚Äù of the nearly 15,000 car dealerships that use its software across North America are back online to its core management system, almost two weeks since a cyber incident caused a software blackout. cnn.it/4cw8n‚Ä¶",26.0,2.0,4.0
200,cnn,['NA'],"The US Department of Health and Human Services announced a contract with Moderna to develop an mRNA vaccine that targets pandemic flu, in case the shot becomes necessary with the latest outbreak of bird flu. cnn.it/3zA7Y‚Ä¶",101.0,1.0,19.0
201,cnn,['NA'],"The driver who authorities say plowed his SUV into a Long Island nail salon Friday, killing four people and injuring nine others, told police he had consumed 18 beers the night before the accident, according to CNN affiliate WABC. cnn.it/4eOuh‚Ä¶",131.0,33.0,26.0
202,cnn,['NA'],Joseph Quinn had an experience that many Swifties can probably relate to cnn.it/3VPzY‚Ä¶,36.0,12.0,1.0
203,cnn,['Read more: cnn.it/3RUB6‚Ä¶'],"Police in Utica, New York, were investigating a robbery and approached the teen as he matched the robbery suspects' description. A chaotic scene unfolds afterwards, captured on police body camera footage.",40.0,45.0,20.0
204,cnn,['NA'],"While Biden tries to rebound from his poor debate, some top Democrats want him to step aside from the campaign as early as this week, sources tell CNN. cnn.it/4eQ8e‚Ä¶",90.0,133.0,7.0
205,cnn,['NA'],"JUST IN: Donald Trump's sentencing in the hush money case is postponed until September following the Supreme Court decision on presidential immunity, a New York judge has ruled cnn.it/4ckRX‚Ä¶",61.0,70.0,13.0
206,cnn,"['Brominated vegetable oil is vegetable oil modified with the chemical bromine and has been used in small amounts to keep citrus flavoring from floating to the top in beverages, according to an FDA statement. cnn.it/3xyrB‚Ä¶']","The FDA will no longer allow the use of brominated vegetable oil in food products, the agency said.",75.0,7.0,20.0
207,cnn,['NA'],"Three-quarters of US voters say Democrats would have a better shot at keeping the White House with someone other than Biden as nominee, according to a new CNN poll cnn.it/45QWe‚Ä¶",139.0,260.0,17.0
208,cnn,['NA'],JUST IN: The FDA has approved Eli Lilly's treatment for early Alzheimer's disease cnn.it/3RTLA‚Ä¶,264.0,9.0,22.0
209,cnn,['NA'],Rep. Lloyd Doggett becomes the first sitting Democratic lawmaker to call on Biden to withdraw from the presidential race cnn.it/3W5Ef‚Ä¶,121.0,222.0,12.0
210,cnn,['NA'],"Some Democratic governors are seeking a meeting with the White House to discuss concerns about President Biden after his debate performance, sources tell CNN. cnn.it/3La1k‚Ä¶",78.0,71.0,4.0
211,cnn,['NA'],Jamie Foxx still hasn‚Äôt publicly disclosed what caused his hospitalization last year but has shared more details during an encounter captured on video cnn.it/3xF5B‚Ä¶,20.0,15.0,2.0
212,cnn,['NA'],Mark√©ta Vondrou≈°ov√°‚Äôs defense of her Wimbledon title has been ended in the first round cnn.it/3VLJE‚Ä¶,9.0,1.0,
213,foxnews,"[""Tyrus on Joe Biden's ability to run for re-election and the state of his administration.""]","""It has been a complete dumpster fire.""",280.0,17.0,20.0
214,foxnews,['Judge Jeanine Pirro reacts to SCOTUS ruling on presidential immunity.'],"""I don't think there's any possible way this goes to trial before the November election.""",376.0,38.0,16.0
215,foxnews,['Trey Gowdy reacts to SCOTUS ruling that ex-presidents have protection from prosecution for official acts in immunity case.'],"""It's a loss for anyone who wanted to see Donald Trump back in a courtroom between now and November.""",618.0,65.0,34.0
216,npr,"['Reporter Meribah Knight follows these moms for a year, as they navigate the complexities of state politics, rush to meet legislative deadlines, and give tearful testimonies. Can they make a difference?', 'Listen to their journeys on the first episode of Supermajority from NPR‚Äôs Embedded and Nashville Public Radio.']","In 2023, a mass shooting at their childrens‚Äô school sparked three mothers to take action in one of the reddest states in the country: Tennessee.",460.0,9.0,51.0
217,npr,['NA'],No one across the U.S. is consistently tracking climate-fueled deaths. One medical examiner has a new protocol on heat-deaths.,633.0,6.0,108.0
218,npr,['NA'],Sunscreen is the best way to protect ourselves against skin cancer. But doctors are concerned by a backlash against sunscreen that is spreading on social media.,704.0,200.0,95.0
219,npr,['NA'],"For hundreds of thousands of U.S. troops and their families, when the Pentagon orders them to find health care off base there is none.",790.0,54.0,151.0
220,npr,['NA'],"Internal emails, interviews and in-app messages show Uber and Lyft deployed a powerful lobbying playbook to stop minimum wage laws in Minnesota. But drivers had a playbook of their own.",374.0,7.0,42.0
221,npr,['NA'],"Whether it's our grocery lists, travel plans or savings, most of us have felt the effects of rising prices. NPR wants to know how inflation has affected your life and answer your questions about it.",106.0,258.0,20.0
222,npr,['NA'],"The fire, which scorched over 12,000 acres in less than a day, has forced the evacuation of about 1,200 people, California fire officials said. The blaze was 2% contained as of Sunday afternoon.",341.0,12.0,56.0
223,npr,['NA'],"A sweltering heat wave is bearing down on a large swath of the U.S., creating potentially dangerous conditions for millions of people in multiple states.",239.0,14.0,31.0
224,npr,['NA'],"The new CEO of The Washington Post and his hand-picked news chief come from a tradition of rough-and-tumble British journalism that plays loose with ethics, compared to U.S. media.",272.0,30.0,61.0
225,npr,['NA'],"The Kunsthaus Zurich museum will remove works by artists including Van Gogh, Monet and Gauguin from public view on June 20 as it investigates their provenance.",380.0,16.0,36.0
226,npr,['NA'],Boeing says a deal to buy fuselage-maker Spirit AeroSystems will help it control quality and safety. But a whistleblower who worked at Spirit for over a decade warns its problems won‚Äôt be easy to fix.,538.0,26.0,83.0
227,npr,['NA'],"The new CEO of The Washington Post and his hand-picked news chief come from a tradition of rough-and-tumble British journalism that plays loose with ethics, compared to U.S. media.",366.0,54.0,71.0
228,npr,['NA'],"Every week at the Maui airport, a small helicopter gets loaded with 250,000 passengers. They're male mosquitoes, key players in a strategy that could be the last, best hope for Hawaii's endangered birds.",504.0,18.0,56.0
229,npr,['NA'],"A French historian recently made a case for a 1900 silver medal to be credited to France, based on the Olympics' informal rules in that era. The cyclist, Lloyd Hildebrand, lived most of his life in France.",84.0,6.0,6.0
230,npr,['NA'],"It is hard to escape the impression that the more Congress holds people in contempt, the more people have contempt for Congress.",1400.0,69.0,115.0
231,npr,['NA'],"Catherine, Princess of Wales, has said she had a few more months left in her chemotherapy treatment and she is making ""good progress.""",1400.0,30.0,17.0
232,npr,['NA'],The training team has pondered what effect it could have on an already traumatized survivor trapped beneath rubble when they‚Äôre approached by a giant rat wearing a backpack.,435.0,28.0,51.0
233,npr,['NA'],Alex Jones is ordered to sell off his personal assets to pay nearly $1.5 billion in damages to Sandy Hook families.,15400.0,804.0,684.0
234,npr,['NA'],Say bye to El Ni√±o. La Ni√±a is likely to arrive soon. Here‚Äôs what that means for hurricanes.,151.0,5.0,21.0
235,npr,['NA'],"The Supreme Court strikes down a federal ban on bump stocks, devices that speed up firing on semiautomatic weapons.",414.0,232.0,84.0
236,npr,['NA'],"The U.N. office on refugees found that by the end of last year, 1 in 69 people had been forced from their homes ‚Äî either within their own country or across an international border.",120.0,6.0,36.0
237,npr,['NA'],"The Supreme Court‚Äôs unanimous ruling upholds access to mifepristone, a drug used in more than 60% of abortions. The decision shocked some doctors and abortion rights advocates.",685.0,20.0,30.0
238,npr,['NA'],"A Boeing 737 Max 8 jet experienced a rare problem known as a ""Dutch roll"" before landing safely. The cause of the accident during a Southwest Airlines flight last month is under investigation.",288.0,42.0,35.0
239,npr,['NA'],The Supreme Court unanimously agrees to toss out a challenge to the FDA‚Äôs rules for prescribing and dispensing abortion pills ‚Äî saying the anti-abortion doctors who brought the case failed to show they had been harmed.,1100.0,28.0,76.0
240,npr,['NA'],"A federal jury in Delaware has convicted President Biden‚Äôs son, Hunter Biden, on felony gun charges stemming from his purchase of a Colt revolver in 2018.",348.0,228.0,36.0
241,npr,['NA'],"The council has endorsed President Biden‚Äôs step-by-step plan for a cease-fire, an exchange of hostages and prisoners and an end to the the Israel-Hamas war in Gaza.",2500.0,88.0,279.0
242,npr,['NA'],"Martin Luther King, Jr. called civil rights pioneer, the Rev. James Lawson, the leading theorist and strategist of nonviolence.",790.0,8.0,117.0
243,npr,['NA'],June 16 is Father's Day. We want to hear about the dads who shaped your lives.,78.0,9.0,11.0
244,npr,['NA'],A new report by an Israeli watchdog group ties an Israeli firm to a covert online campaign intended to sway crucial Democratic lawmakers to continue backing Israel‚Äôs campaign in Gaza.,1200.0,255.0,352.0
245,who,['We must prevent online violence against children and reverse this trend for good. ParentingMonth'],More than 30% of children worldwide share that they have been bullied on the internet. Many cases even go unreported.,54.0,4.0,4.0
246,who,"['More information: bit.ly/3UiwR‚Ä¶', 'Photos:\nDan Kitwood/ Getty Images\nUNICEF\nWHO / Peter Louis Gume']","Immediate action is needed to prevent a humanitarian catastrophe in Sudan, as conflict-affected areas are cut off from vital aid, and neighboring countries struggle to support incoming refugees.",112.0,4.0,16.0
247,who,['NA'],,96.0,1.0,11.0
248,who,['Find out more: bit.ly/45NuQ‚Ä¶'],"üö® The cost of staying still is alarming üö® 
1.8 billion adults are not getting enough physical activity. The result is an increased risk of serious health conditions including cardiovascular diseases, type2 diabetes, and certain cancers. Levels of inactivity are projected to rise to 35% by 2030.",84.0,4.0,14.0
249,who,"['Today, 3.7 billion people üåê are better protected thanks to policies that reduce or eliminate trans fat from the food supply üëâbit.ly/3KXrx‚Ä¶']","Nearly 300,000 people die each year from consuming trans fats found in everyday foods like cookies, cakes, and pizza üç™üç∞üçï.",93.0,3.0,10.0
250,who,['NA'],How to cool off & stay hydrated during extreme heat ‚òÄÔ∏è Learn more üëâbit.ly/4cqw3‚Ä¶,83.0,2.0,14.0
251,who,"['What are the types? \nHow is it transmitted? \nWhat are the symptoms? \nIs there a cure?', 'Check out this explainer video. ‚¨áÔ∏è']",Let‚Äôs talk Herpes.,69.0,2.0,8.0
252,who,"[""We're now facing longer, more intense heatwaves each year due to climate change, and this is how extreme heat impacts our health. üëâbit.ly/4cqw3‚Ä¶""]",ü•µ Heat stress is the leading cause of weather-related deaths & can worsen underlying illnesses.,124.0,7.0,32.0
253,who,"['‚ùå no or incorrect amount of active ingredient\n‚ùå the wrong active ingredient', 'These medicines won‚Äôt treat or prevent disease & may cause harmful side effects. Only purchase medicines from authorized pharmacies.', 'Concerned about a medication‚ùì Talk to your healthcare provider. More info üëâ bit.ly/3VQf6‚Ä¶']",üíä Taking falsified medicines can harm your health. They may contain:,37.0,3.0,3.0
254,who,"['The WHO emblem, chosen in 1948, features the @unitednations symbol overlaid by a staff (or rod) with a snake coiled around it ‚öïÔ∏è.', 'This iconic symbol of medicine traces back to Asclepius, the ancient Greek god of healing, whose cult involved the use of snakes. Legend has it, Asclepius was so successful at saving lives that Hades complained to Zeus, who killed Asclepius with a thunderbolt ‚ö°Ô∏è to keep humans from becoming immortal.']",Wondering about the history behind the WHO emblem?,54.0,5.0,5.0
255,who,['NA'],"If someone you know is showing signs that they are contemplating suicide, it is okay to talk to them about it. This may seem daunting at first, but it‚Äôs a key step to helping them get better.",88.0,4.0,8.0
256,who,['This can happen when we misuse antimicrobial medicines. Disease-causing bacteria then become resistant to drugs and the drugs stop working.'],"Imagine your medicine stops working? üíä
Stressful, isn‚Äôt it?",112.0,6.0,23.0
257,who,['NA'],"It's the weekend! So a friendly reminder...
Eating too much salt is one of the top risk factors for heart disease, stroke, and death.
- Reduce salt intake to less than 5g/day
- Give yourself some portions of fruit & vegetables every day üçèüçáü•ïü•¶üçÖ
- Make sure your blood pressure is in check ‚úÖ",96.0,5.0,6.0
258,who,['NA'],Take regular breaks from digital devices üì≤üíª to avoid eye strain and dry eyes. üëÄ,75.0,1.0,4.0
259,who,"['Safe blood saves lives. Thank you, blood donors!', 'Your selfless donations have had a profound impact on the lives and well-being of hundreds of millions of people, as well as their families and communities across the world bit.ly/2024G‚Ä¶']",Today is WorldBloodDonorDay,57.0,1.0,11.0
260,who,['NA'],"In the latest NoExcuse podcast episode Dr Jasmine Westendorf dives into the economic interests driving exploitation and its lasting impacts on communities. Hear about the false premise of consent in transactional sex, community responses, and the need for more research on prevention: bit.ly/3xn4F‚Ä¶",26.0,2.0,180.0
261,who,['NA'],"Timely diagnosis saves lives. Take a second look üëÄ at your breasts.‚Å£ If you notice changes to your breasts, such as a lump, pitting of the skin, or pain, go see a health practitioner for a check-up.",180.0,1.0,29.0
262,who,['Adults must:\nüëÇlisten to\nü§ùsupport\nüí∞invest in\nadolescents & their well-being to ensure that current and future generations thrive.'],"Embrace the power of adolescents! üåü
Adolescents are:
Unique
Constantly changing
Increasingly independent",55.0,1.0,11.0
263,who,['NA'],"Yes, tuberculosis is curable! Tuberculosis is treated with antibiotics. To be effective, these medications need to be taken daily for 4‚Äì6 months.
‚ö†Ô∏è It is dangerous to stop the medications early or without medical advice. It can lead to drug-resistant tuberculosis.",108.0,2.0,20.0
264,who,['NA'],"Access to safe abortion protects the health of women and girls. As with all other health services, women and girls should be able to access safe and respectful abortion care, when they need it, without fear of harm, punishment, or recrimination.",280.0,2.0,46.0
265,usatoday,"['The version that appeared briefly on the court‚Äôs website would reinstate a lower court order that had allowed hospitals to perform abortions needed to protect the health of the mother, according to the report.\nusatoday.com/story‚Ä¶']","The Supreme Court may be about to allow emergency abortions in Idaho, according to a copy of the pending opinion obtained by Bloomberg News.",47.0,5.0,5.0
266,usatoday,['NA'],UPDATE: Abortions for gravely ill women can resume for now in Idaho after a divided Supreme Court reversed its January decision to halt the procedures ‚Äì and said it shouldn‚Äôt have gotten involved in the dispute at this stage.,42.0,2.0,9.0
267,usatoday,['The US and other countries have decided to bring portable units of their own to keep their athletes cool. Paris2024\nusatoday.com/story‚Ä¶'],No AC in Paris' Olympic village? ü•µ @teamusa is saying heck no.,30.0,1.0,6.0
268,usatoday,"[""Here's how to check to see if yours were reset (and how to toggle them on and off):""]",Some Threads and Instagram users who changed their political content settings after Meta announced the company would no longer prioritize such content to users have noticed their settings have been reset.,315.0,91.0,145.0
269,usatoday,"[""Read the @journalsentinel's report from April ‚¨áÔ∏è""]","In February, Meta announced its decision to no longer prioritize and recommend political content to users. The posts that fall under this category include in-feed posts, reels, accounts and explore page recommendations related to things like laws, elections or social topics.",48.0,1.0,9.0
270,usatoday,"['Biden and Trump face off in their first 2024 debate on Thursday, and we have everything you need for presidential debate bingo.', 'üëâ Pick your card:\nbit.ly/4eHvb‚Ä¶']","Shrinkflation. ‚úÖ
34 counts. ‚úÖ
Election interference. ‚úÖ
China. ‚úÖ
BINGO!",53.0,9.0,5.0
271,usatoday,['Tap the üîî to get notified when the stream goes live!'],Looking for a way to play along Thursday? We'll be streaming the debate live at 9 p.m. ET on our YouTube channel.,31.0,3.0,2.0
272,usatoday,"[""üîäHere's why: usatoday.com/story‚Ä¶""]","Nobody wants to hear you talking to your mom on the phone on loudspeaker. Yet, people continue to forgo their headphones in public.",77.0,13.0,7.0
273,usatoday,['The top three finishers in the final will make Team USA and go to the 2024 Paris Olympics.'],"Running against competitors nearly twice his age at the U.S. Olympic track and field trials, 16-year-old Quincy Wilson is entering the men's 400m final Monday with the fourth fastest qualifying time.",536.0,8.0,28.0
274,usatoday,['More from @usatodaysports ‚¨áÔ∏è'],"Already the world under-18 record holder in the men's 400m after running 44.66 seconds in the opening round to break the 42-year-old record, Quincy Wilson crossed the finish line Sunday in a personal-best 44.59 seconds to finish third and advance to Monday night's final.",296.0,14.0,14.0
275,usatoday,['NA'],"No thoughts, only this video of Travis Kelce joining Taylor Swift onstage at the Eras Tour in London on Sunday ‚ú®",999.0,16.0,29.0
276,usatoday,"[""Swift's boyfriend hinted toward the London shows in April while promoting his concert festival Kelce Jam, @bryanwesttv writes ‚¨áÔ∏è""]","Travis Kelce surprised 89,000 fans by joining dancers Jan Ravnik and Kameron Saunders to revive Taylor Swift after she fell to the ground during ""The Smallest Man Who Ever Lived.""",260.0,2.0,10.0
277,usatoday,['üé• : nbcolympics \nusatoday.com/story‚Ä¶'],Looks like @teamusa swimmer Lilly King will be heading to Paris2024 as a ‚ú® fianc√© ‚ú®,39.0,5.0,3.0
278,usatoday,['NA'],"Timothy Mellon, an ultra-wealthy banking heir, donated $50 million to a super PAC supporting former President Donald Trump on the day after his history felony conviction, records from the Federal Election Commission show, marking one of the largest disclosed campaign contributions ever.",36.0,29.0,15.0
279,usatoday,['NA'],"Donald Sutherland, the versatile Canadian actor whose prolific career in TV shows and movies showed a diverse range, from authority-loathing surgeon Hawkeye Pierce in the ""M*A*S*H"" movie to authoritarian villain President Snow in ""The Hunger Games"" franchise, has died. He was 88. 
usatoday.com/story‚Ä¶",86.0,7.0,7.0
280,usatoday,['NA'],"The first state to take such action, Louisiana's legislation mandates a poster-sized display of the religious rules in ‚Äúlarge, easily readable font‚Äù for kindergarten classrooms up to state-funded universities starting in 2025.
usatoday.com/story‚Ä¶",51.0,110.0,7.0
281,usatoday,"['It‚Äôs the Summer of Trump in the House of Representatives, where Republican lawmakers have flooded the chamber with bills and resolutions honoring the former president, convicted felon and 2024 GOP frontrunner.', 'Learn more: usatoday.com/story‚Ä¶']",Donald Trump on the $500 bill. A Congressional gold medal. An international airport.,62.0,47.0,20.0
282,usatoday,"[""@ralphlauren just released the outfits they curated for @teamusa to wear during the opening and closing ceremonies at this summer's Paris Olympic Games. Paris2024"", 'üì∏: Ralph Lauren \nusatoday.com/story‚Ä¶']",NEW UNIFORM ALERT üá∫üá∏‚ú®,30.0,6.0,4.0
283,usatoday,"[""An occupational therapist who at the time worked with people who had suffered traumatic brain injuries in North Philadelphia, Parezo's life changed irrevocably on May 21, 2021: She knew she would be paralyzed.""]",Amanda Parezo knew as soon as the stray bullet struck her spine her life would never be the same.,195.0,9.0,20.0
284,usatoday,['Read more: tinyurl.com/5jwhs‚Ä¶'],"In a way, she is another person: Parezo has since moved to a new, more accessible home and has found new purpose as a teacher and an activist against gun violence, all the while continuing to go through therapy and navigating life from a wheelchair.",150.0,2.0,10.0
285,usatoday,"['Wearing a white dress and hat, the Princess of Wales returned to the public amid her cancer treatment at the ""Trooping the Colour"" on Saturday, a parade celebrating King Charles\' birthday.', 'See more photos: tinyurl.com/yc3ze‚Ä¶', 'üì∏: Justin Tallis/AFP Via Getty Images']",She's back.,223.0,12.0,7.0
286,usatoday,['NA'],"""I‚Äôm looking forward to attending The King‚Äôs Birthday Parade this weekend with my family and hope to join a few public engagements over the summer, but equally knowing I am not out of the woods yet,"" Princess Kate said in a statement posted to her Instagram account shared with Prince William.
usatoday.com/story‚Ä¶",108.0,4.0,5.0
287,usatoday,['NA'],"The Supreme Court on Friday said devices that turn a semi-automatic rifle into something closer to a machine gun are legal, a win for gun rights advocates and a blow to efforts to reduce gun violence that has besieged the nation. tinyurl.com/4xk3z‚Ä¶",25.0,14.0,3.0
288,apnews,['NA'],WikiLeaks founder Julian Assange has arrived at a federal courthouse in Saipan ahead of an expected guilty plea in a deal with the U.S. Justice Department that will set him free to return home to Australia.,79.0,14.0,3.0
289,apnews,"['This year, two more Frenchmen ‚Äî Alexandre Sarr and Zaccharie Risacher ‚Äî are projected top picks. Here‚Äôs what else you need to know about Wednesday‚Äôs draft.']","After Victor Wembanyama became the No. 1 pick in last year‚Äôs NBA draft, he went on to win the Rookie of the Year award.",12.0,1.0,1.0
290,apnews,['NA'],"BREAKING: Brazil‚Äôs Supreme Court on Tuesday voted to decriminalize possession of marijuana for personal use, making the nation one of Latin America‚Äôs last to do so.",1100.0,20.0,115.0
291,apnews,['NA'],"BREAKING: A judge on Tuesday modified Donald Trump‚Äôs gag order, freeing the former president to comment publicly about witnesses and jurors in the hush money criminal trial that led to his felony conviction, but keeping others connected to the former president‚Äôs case off limits at least until he is sentenced July 11.",143.0,83.0,34.0
292,apnews,['NA'],"There was no collapse. The Florida Panthers are Stanley Cup champions for the first time, and they took about the hardest path possible to the title.",113.0,7.0,7.0
293,apnews,['NA'],"BREAKING: Wikileaks founder Julian Assange will be freed from prison after reaching plea deal with U.S. over publication of secret documents, court filings reveal.",195.0,42.0,38.0
294,apnews,"['Tamayo Perry, 49, was killed Sunday near Goat Island, Shayne Enright of the Honolulu Emergency Services Department said in a statement.']","A well-known Hawaii lifeguard who was killed in a shark attack while surfing off Oahu‚Äôs North Shore was a former professional surfer with acting credits to his name, including a role in one of the ‚ÄúPirates of the Caribbean‚Äù movies.",151.0,2.0,12.0
295,apnews,['This is how some residents in Tel Aviv and Gaza responded to his remarks.'],"Prime Minister Benjamin Netanyahu said Sunday he would only be willing to agree to a ‚Äúpartial‚Äù cease-fire deal, which would not end Israel‚Äôs 8-month war Hamas.",89.0,14.0,31.0
296,apnews,['NA'],"The Supreme Court on Monday jumped into the fight over transgender rights, agreeing to hear an appeal from the Biden administration seeking to block state bans on gender-affirming care.",112.0,1.0,6.0
297,apnews,"['But now, their community is slowly being submerged by the Atlantic Ocean, with households displaced and businesses lost to the waves.']",The coastal community of Ayetoro in Nigeria was nicknamed ‚ÄúHappy City‚Äù when it was founded decades ago.,38.0,1.0,8.0
298,apnews,['NA'],Donald Trump endorsed displaying the Ten Commandments in schools and elsewhere while speaking to a group of politically influential evangelical Christians in Washington on Saturday. He drew cheers as he invoked a new law signed in Louisiana this week requiring the Ten Commandments to be displayed in every public school classroom.,119.0,111.0,30.0
299,apnews,['NA'],"The governor of Iowa is sending helicopters to a small town to evacuate people from flooded homes, the result of weeks of rain.",125.0,22.0,18.0
300,apnews,['NA'],"""The Bikeriders"" wants to ride, but it‚Äôs not sure how much story to pack for the trip, writes AP Film Writer Jake Coyle in his review.",17.0,2.0,2.0
301,apnews,['NA'],"As New England baked in a heat wave Thursday, guests at one campground were keeping their food and beer cold with blocks of ice harvested months earlier from a frozen lake.",75.0,6.0,10.0
302,apnews,"['Within minutes, it was turning away volunteers to carry his casket.']","Former U.S. Marine Gerry Brooks died alone at a nursing home in Maine, abandoned and all but forgotten. Then the funeral home posted a notice asking if anyone would serve as a pallbearer or simply attend his burial.",3800.0,185.0,269.0
303,apnews,['NA'],"Donald Sutherland, the prolific film and television actor whose long career stretched from ‚ÄúM.A.S.H.‚Äù to ‚ÄúThe Hunger Games,‚Äù has died. He was 88.",377.0,12.0,34.0
304,apnews,['NA'],"Independent presidential candidate Robert F. Kennedy Jr. has failed to qualify for next week‚Äôs debate in Atlanta, according to host network CNN, falling shy of benchmarks both for state ballot qualification and necessary polling. bit.ly/3RzsG‚Ä¶",184.0,29.0,15.0
305,apnews,['NA'],"BREAKING: Willie Mays, the electrifying ‚ÄúSay Hey Kid‚Äù whose singular combination of talent, drive and exuberance made him one of baseball‚Äôs greatest and most beloved players, has died at 93.",538.0,7.0,46.0
306,apnews,['NA'],"Robert Morris, the pastor of a Texas megachurch, has resigned after a woman said he had sexually abused her on multiple occasions in the 1980s, beginning when she was 12.",3000.0,443.0,503.0
307,apnews,['NA'],"Before testifying before a Senate subcommittee Tuesday, Boeing CEO Dave Calhoun apologized to the families of victims who died in plane crashes in 2018 and 2019.",57.0,7.0,8.0
308,apnews,['NA'],The U.S. government on Tuesday acknowledged for the first time the harms that the construction and operation of dams on the Columbia and Snake rivers in the Pacific Northwest have caused Native American tribes.,417.0,4.0,57.0
309,apnews,['NA'],"President Joe Biden is taking an expansive election year step to offer relief to potentially hundreds of thousands of immigrants without legal status in the U.S., aiming to balance his own aggressive crackdown on the southern border earlier this month that enraged advocates and many Democratic lawmakers.",184.0,10.0,14.0
310,apnews,['apnews.com/artic‚Ä¶'],"The great cicada emergence of 2024 is underway in the Midwest. This is what these bugs look, sound, smell, feel and taste like.",45.0,3.0,6.0
311,apnews,['NA'],"New York‚Äôs top court on Tuesday declined to hear Donald Trump‚Äôs gag order appeal in his hush money case, leaving the restrictions in place following his felony conviction last month. The Court of Appeals found that the order does not raise ‚Äúsubstantial‚Äù constitutional issues that would warrant an immediate intervention.",516.0,11.0,32.0
312,apnews,"['As the risk of mental health problems has risen with the time youth spend online, the AP looked at the ways that parents, experts and young adults suggest navigating between digital and non-digital worlds.', 'Join us in r/technology on Reddit now: reddit.com/r/tec‚Ä¶']","Social media has become a space that teenagers increasingly turn to for socializing, trying out emerging identities and seeking advice.",21.0,3.0,2.0
313,apnews,['Some families lost four generations from the same bloodline.'],An Associated Press investigation identified at least 60 families across Gaza who lost 25 members or more in strikes during the first three months of the Israel-Hamas war.,276.0,177.0,95.0
314,apnews,['NA'],"Justin Timberlake has been arrested and is accused of driving while intoxicated on New York‚Äôs Long Island, a law enforcement official told The Associated Press.",108.0,40.0,18.0
315,msnbc,['nbcnews.com/polit‚Ä¶'],"RFK Jr. fails to qualify for CNN debate, setting up showdown between Biden and Trump.",596.0,64.0,31.0
316,msnbc,['nbcnews.com/polit‚Ä¶'],New Louisiana law requires the Ten Commandments to be displayed in every public school classroom.,161.0,266.0,35.0
317,msnbc,['LISTEN NOW: link.chtbl.com/xlQM‚Ä¶'],"A new episode of ‚ÄúWhy is This Happening?‚Äù is now available. @chrislhayes sits down with @repjasmine Crockett to take a big-picture look at this year‚Äôs issues, including criminal justice and congressional politics.",49.0,2.0,7.0
318,msnbc,['NA'],WATCH: Boeing CEO David Calhoun testified in front of a Senate Subcommittee on Tuesday after numerous manufacturing mistakes have led to accidents and incidents. @katyturnbc explains how America's largest aerospace company got here and what happened in the hearing room in LESS THAN 60 SECONDS.,61.0,7.0,3.0
319,msnbc,['NA'],"Justin Timberlake was arrested on a charge of driving while intoxicated (DWI) Monday night in the Hamptons, according to local authorities. NBC News reported the 43 year old singer and actor remained in custody Tuesday and was set to appear in court in the village of Sag Harbor. A representative for Timberlake could not immediately be reached by NBC News. justintimberlake",34.0,7.0,4.0
320,msnbc,['NA'],WATCH: Dr. Anthony Fauci spoke with @maddowmaddow about the early days of the COVID pandemic where Donald Trump ‚Äúwanted it so much to be like the flu.‚Äù,812.0,20.0,113.0
321,msnbc,['Join us: reddit.com/r/sco‚Ä¶'],LIVE NOW: Deadline: Legal Blog writer Jordan Rubin answers all your burning questions about the Supreme Court‚Äôs term and Trump‚Äôs legal issues now! Submit your questions and tune into his Reddit AMA in r/SCOTUS:,33.0,1.0,3.0
322,msnbc,['LISTEN NOW for FREE: link.chtbl.com/rmpus‚Ä¶'],Psst‚Ä¶ the SECOND EPISODE of Rachel Maddow‚Äôs hit podcast ‚ÄúUltra‚Äù is out TODAY.,137.0,2.0,26.0
323,msnbc,['NA'],"WATCH: During a Los Angeles campaign fundraiser, Jimmy Kimmel had a conversation with President Biden and former President Barack Obama about the Supreme Court and the stakes of the 2024 election. Biden said that the candidate who wins will likely nominate two Supreme Court justices during his term, going on to suggest that Trump would ""appoint two more flying flags upside down,"" referring to controversy surrounding Justice Samuel Alito.",1200.0,29.0,196.0
324,msnbc,"['The second episode is available Monday for free, but you can subscribe to MSNBC Premium on Apple Podcasts to get it EARLY and ad-free TODAY!', 'LISTEN NOW: link.chtbl.com/rmpus‚Ä¶']",BIG NEWS! Rachel Maddow‚Äôs podcast ‚ÄúUltra‚Äù is back for a second season and it's hit number one on Apple Podcasts.,98.0,10.0,10.0
325,msnbc,['NA'],"Former President Donald Trump repeatedly referred to @taylorswift as ""beautiful"" in an upcoming book about his time on The Apprentice. @jenpsaki breaks it down and gives some advice to the ex-president. TaylorSwift",1100.0,55.0,119.0
326,msnbc,['NA'],BREAKING: President Biden makes first comments since Hunter‚Äôs guilty verdict.,1400.0,61.0,95.0
327,msnbc,['NA'],SCOTUS unanimously allows abortion pill to stay on the market. @yamichealcindor has the latest.,245.0,21.0,15.0
328,msnbc,['nbcnews.com/polit‚Ä¶'],BREAKING: Supreme Court rejects bid to restrict access to abortion pill.,712.0,56.0,59.0
329,msnbc,['Click here to listen: link.chtbl.com/kKDwm‚Ä¶'],"On this week's episode, Andrew Weissmann and Mary McCord illuminate multiple factors Judge Merchan will need to consider ahead of Donald Trump's sentencing next month.",140.0,7.0,14.0
330,msnbc,['NA'],BREAKING: Hunter Biden was found guilty on all three charges tied to the possession of a gun while using narcotics.,75.0,58.0,4.0
331,msnbc,['nbcnews.com/polit‚Ä¶'],BREAKING: Hunter Biden found guilty on all counts in gun case.,107.0,96.0,13.0
332,msnbc,['NA'],LISTEN to NEW AUDIO revealing how Justice Samuel Alito is no longer hiding his impartiality when it comes to his political and personal beliefs and how he rules on decisions on the highest court.,648.0,60.0,148.0
333,msnbc,"['You‚Äôre going to want to listen to this now.', 'link.chtbl.com/withp‚Ä¶']","In his special podcast series ‚ÄúWITHpod 2024: The Stakes,‚Äù @chrislhayes talks to Columbia University law professor Timothy Wu about what's at stake for antitrust and competition policies.",53.0,1.0,2.0
334,msnbc,"['Listen to the first episode RIGHT NOW for free.', 'link.chtbl.com/rmpus‚Ä¶']","Rachel @maddowmaddow podcast ‚ÄúUltra‚Äù is back, revealing the history of the ultra-right‚Äôs reach into American politics.",123.0,1.0,25.0
335,msnbc,['NA'],Judge in Trump's hush money case raises questions about social media post claiming to preview jury verdict,349.0,132.0,33.0
336,msnbc,['NA'],"The hit podcast ‚ÄúRachel Maddow Presents: Ultra‚Äù is back for a second season. The first episode is available Monday for free, but you can subscribe to MSNBC Premium on Apple Podcasts to get it early and ad-free today: link.chtbl.com/rmpus‚Ä¶",62.0,3.0,3.0
337,msnbc,"['Watch tonight, 6/7 at 10pm ET on @MSNBC and streaming now on @Peacock.']","Tonight, @MSNBC presents an encore presentation of ‚ÄúProsecuting Donald Trump: Witness to History,‚Äù a look inside the NY criminal trial courtroom ft. eyewitness accounts from @maddowmaddow, @weissmann11 and team.",218.0,30.0,26.0
338,msnbc,['NA'],Hakeem Jeffries responds to comments made by GOP Rep. Byron Donalds that Black people were better off under Jim Crow. ‚ÄúHow dare you make such an ignorant observation?‚Äù Jeffries invoked Ice Cube telling Donalds ‚ÄúYou better check yourself before you wreck yourself!‚Äù,3200.0,142.0,435.0
339,dailycaller,['NA'],"Group Arrested For Allegedly Graverobbing 2,000 Crucifixes: REPORT dlvr.it/T94zz‚Ä¶",1.0,1.0,1.0
340,dailycaller,['NA'],"Corporate Influence Industry Throws Clients Linked To Chinese Gov't, Military Overboard Amid Federal Crackdown dlvr.it/T94z8‚Ä¶",,1.0,1.0
341,dailycaller,['NA'],"REPORT: County Pays Inmate $500,000 After Video Shows Police Dealing With Inmate dlvr.it/T94yN‚Ä¶",,1.0,1.0
342,dailycaller,['NA'],Authorities Investigating Retired Marine General's Death: REPORT dlvr.it/T94xG‚Ä¶,1.0,97.0,97.0
343,dailycaller,['NA'],Jack Smith And Fani Willis Have ‚ÄòLittle Left‚Äô To Throw At Trump After Immunity Ruling dlvr.it/T94wK‚Ä¶,97.0,4.0,8.0
344,dailycaller,['NA'],Legal Organization Sues University For Alleged Anti-White Discrimination dlvr.it/T94vM‚Ä¶,1.0,3.0,3.0
345,dailycaller,['NA'],UNDER PRESSURE dlvr.it/T94tS‚Ä¶,,3.0,3.0
346,dailycaller,['NA'],Macron Strikes Faustian Bargain With Far-Left To Keep French Right Out Of Power dlvr.it/T94sT‚Ä¶,,3.0,3.0
347,dailycaller,['NA'],"Bob Good Narrowly Loses Primary Bid Against Trump-Backed Challenger, Says He Will Push For A Recount dlvr.it/T94rl‚Ä¶",3.0,3.0,3.0
348,dailycaller,['NA'],"MSNBC Data Guru Says Biden Polls Worst Against Trump Compared to Kamala Harris, 3 Other Dems dlvr.it/T94qy‚Ä¶",3.0,1.0,1.0
349,dailycaller,['NA'],'We See Everything': OnlyFans Is Drowning In A Flood Of Child Pornography Complaints dlvr.it/T94qG‚Ä¶,1.0,9.0,9.0
350,dailycaller,['NA'],CNN Political Director Says KJP Failed To Explain Why Biden Had Disastrous Debate Night dlvr.it/T94pM‚Ä¶,9.0,1.0,2.0
351,dailycaller,['NA'],Jonathan Turley Says Judge Merchan Unlikely To Dismiss Evidence Against Trump Despite Delaying Sentencing dlvr.it/T94mz‚Ä¶,4.0,4.0,4.0
352,dailycaller,['NA'],Ex-US Attorney Suggests Biden 'Take Advantage' Of New Immunity 'Power' To 'Protect American Democracy' From Trump dlvr.it/T94mF‚Ä¶,4.0,2.0,1.0
353,dailycaller,['NA'],"Janet Yellen‚Äôs Rosy Outlook On Opioids Downplays 'Key Catalyst' Driving The Crisis, GOP Reps Say dlvr.it/T94lJ‚Ä¶",1.0,1.0,1.0
354,dailycaller,['NA'],Biden Admin Cooks Up New Rules For Employers To Address Heat As Workplace Hazard dlvr.it/T94jl‚Ä¶,1.0,1.0,3.0
355,dailycaller,['NA'],Americans Are Already Sticking It To The Permanent Bureaucracy Just Days After Landmark Supreme Court Ruling dlvr.it/T94hp‚Ä¶,3.0,21.0,21.0
356,dailycaller,['NA'],Dem Lawmaker Says Trump Will Win In November And 'Democracy Will Be Just Fine' dlvr.it/T94gk‚Ä¶,21.0,1.0,1.0
357,dailycaller,['NA'],Dem Leaders Back 'Squad' Member One Week After Major Blow To Group dlvr.it/T94fv‚Ä¶,4.0,2.0,2.0
358,dailycaller,['NA'],Biden Admin Flies Chinese Migrants Back Home For First Time In Years After Thousands Already Poured Across Border dlvr.it/T94dv‚Ä¶,2.0,1.0,1.0
359,dailycaller,['NA'],Videos Capture Extreme Flash Flood dlvr.it/T94cj‚Ä¶,,1.0,1.0
360,dailycaller,['NA'],ROOKE: Biden Admin Caught Taking Fake Victory Lap On Border. It's Much Worse Than We Imagine dlvr.it/T94bT‚Ä¶,1.0,1.0,1.0
361,dailycaller,['NA'],Millions Of Americans Haven't Forked Over A Single Cent Toward Their Student Loan Debts dlvr.it/T94ZQ‚Ä¶,1.0,10.0,10.0
362,dailycaller,['NA'],'Is He Disabled?': KJP Snaps At Reporter As He Shouts Out About Biden's Cognitive Health dlvr.it/T94YH‚Ä¶,10.0,10.0,10.0
363,dailycaller,['NA'],'These Numbers Are Atrocious': CNN's Harry Enten Says He's Not 'Quite Sure' Dems 'Can Do Any Worse' Than With Biden dlvr.it/T94Wz‚Ä¶,10.0,1.0,3.0
364,dailycaller,['NA'],Democratic 'Kingmaker' Says He'd Back Kamala For President If Biden Steps Aside dlvr.it/T94VR‚Ä¶,3.0,7.0,5.0
365,dailycaller,['NA'],America Set For Wildly Hot Weather On Its Birthday dlvr.it/T94T8‚Ä¶,,5.0,5.0
366,dailycaller,['NA'],REPORT: 13-Year-Old Running Away From Wasp At Pool Ends Up Paralyzed dlvr.it/T94Rz‚Ä¶,,5.0,5.0
367,dailycaller,['NA'],Judge Merchan Reschedules Trump Sentencing For September dlvr.it/T94Qb‚Ä¶,5.0,1.0,1.0
368,dailycaller,['NA'],"Biden Admin Contracts 1,000,000 Barrels From Emergency Gasoline Stockpile To 'Lower Prices' Ahead Of July 4th dlvr.it/T94P6‚Ä¶",,,
369,independent,['NA'],"Let‚Äôs see, which one are you guys trying this weekend?",1.0,2.0,2.0
370,independent,['NA'],Hi. What‚Äôs for lunch? ü§î,2.0,3.0,
371,newsweek,['NA'],Steve Bannon is due to start his federal prison sentence on Monday.,19.0,4.0,76.0
372,newsweek,['NA'],Thomas questioned the legitimacy of Jack Smith's appointment as the Supreme Court ruled that Donald Trump is partially immune from prosecution.,76.0,43.0,19.0
373,newsweek,['NA'],The Supreme Court ruled Monday that former President Donald Trump is immune from criminal charges from his official acts in office. Here's what you should know about the case.,11.0,5.0,10.0
374,newsweek,['NA'],"Barrett, a Trump appointee, said while she agreed with most of the court's ruling, she disagreed with one part of its opinion.",10.0,4.0,1.0
375,newsweek,['NA'],The former president posted on Truth Social about the decision regarding presidential immunity.,3.0,7.0,24.0
376,newsweek,['NA'],The astronauts who reached the ISS aboard the Boeing Starliner will extend their stay for at least a month as engineers troubleshoot problems with the capsule.,24.0,8.0,3.0
377,newsweek,['NA'],"Newsweek's culture expert @halanscott  and editor @alex_backus  joined forces to debrief the election's first presidential debate. ""What I watched was kind of like a horror show in a way.""",3.0,9.0,1.0
378,newsweek,['NA'],"""It puts courts at the apex of the administrative process as to every conceivable subject,"" Justice Elena Kagan wrote.",146.0,6.0,36.0
379,newsweek,['NA'],"President Joe Biden told voters in North Carolina Friday that he believes he can still be president even though he doesn't walk, speak or debate ""as well as"" he used to. ""I know how to do this job.""",352.0,51.0,41.0
380,newsweek,['NA'],"Justice Gorsuch celebrated the Supreme Court putting a ""tombstone"" on the 40-year administrative law precedent Chevron deference.",56.0,31.0,20.0
381,newsweek,['NA'],"Following the debate, Biden has faced criticism from many for his performance.",14.0,23.0,10.0
382,newsweek,['NA'],"The stock, TMTG, is owned by Trump Media & Technology Group and controls the president's social media platform, Truth Social.",10.0,6.0,2.0
383,newsweek,['NA'],Donald Trump's possible candidates for Vice President react to the Presidential debate.,9.0,8.0,2.0
384,newsweek,['NA'],"Here are the key takeaways from President Joe Biden and Donald Trump's first debate Thursday, with the economy, abortion, and immigration taking center stage as 2024's battleground issues.",10.0,4.0,1.0
385,newsweek,['NA'],"Barrett said her conservative colleagues made ""textual backflips"" to reach their conclusion in the Joseph Fischer case.",137.0,4.0,29.0
386,newsweek,['NA'],"""I wonder how the people who kneecapped Bernie's 2020 campaign are feeling about now,"" said Bernie Sanders' former campaign press secretary.",43.0,69.0,10.0
387,newsweek,['NA'],"Obama advisers say Biden failed to restore the ""confidence of the country and the base"" with his poor debate performance in Atlanta.",27.0,18.0,1.0
388,newsweek,['NA'],"Vance warned it would be an ""affront to democracy"" for Democrats to replace Biden in the presidential race.",34.0,83.0,5.0
389,newsweek,"['They sparred over issues including the economy, the conflict between Israel\xa0Hamas, immigration and abortion.', 'Here‚Äôs how things went‚Ä¶ ‚¨áÔ∏è', 'üîó - newsweek.com/debat‚Ä¶']","Joe Biden and¬†Donald Trump¬†faced off in their first presidential debate in Atlanta, Georgia, on Thursday.",4.0,5.0,1.0
390,newsweek,['NA'],"Detectives learned that the suspect, Eric Adams, was visiting his ex-girlfriend at an apartment Casa Norte Drive on Monday when the shooting unfolded.",9.0,1.0,1.0
391,newsweek,['NA'],Newsweek's Alex Backus breaks down what we can expect at Thursday's presidential debate where Joe Biden and Donald Trump will face off for the first time in 2024.,5.0,3.0,23.0
392,newsweek,['NA'],"""As a planet, we are on a path to disaster and potential mutual destruction,"" a longtime nuclear analyst told Newsweek.",23.0,3.0,9.0
393,newsweek,['NA'],"Rep. Marjorie Taylor Greene proposed cutting Defense Secretary Lloyd Austin's salary to ""no more than"" $1. ""The American people should no longer have to reward his failures by paying his salary.""",21.0,93.0,8.0
394,newsweek,['NA'],Boebert won in a new Colorado district on Tuesday with an almost 30 percentage point lead against her GOP rivals.,21.0,28.0,1.0
395,newsweek,['NA'],"""Americans deserve to know what happened"" in Jeffrey Epstein's investigation, an attorney who helped sue the FBI told Newsweek.",52.0,8.0,10.0
396,newsweek,['NA'],The judge overseeing Trump's classified documents case rejected a recent legal request related to the Mar-a-Lago raid.,35.0,1.0,3.0
397,newsweek,['NA'],The results are a major jump from the percentage of Black votes Trump received in the last two elections.,23.0,91.0,4.0
398,time,"['During that time, he‚Äôs spent more than $4M developing a life-extension system called Blueprint to reduce what Johnson calls his ‚Äúbiological age.‚Äù', 'If living like Johnson meant you could live forever‚Äîa big if!‚Äîwould it even be worth it? time.com/63156‚Ä¶']","Bryan Johnson, 46, is a centimillionaire tech entrepreneur who has spent most of the last three years in pursuit of a singular goal: don‚Äôt die.",79.0,47.0,14.0
399,time,['NA'],"TIME100 Voices is now live: Hear new perspectives on the issues that matter from leaders around the world‚Äîlike @oprah and @arthurcbrooks, @richardbranson, @chefjoseandres, and @amandangocnguyen time.com/colle‚Ä¶",69.0,3.0,8.0
400,time,"[""His wife Mila Kunis, who served as an observer on the organization's board, is also stepping down time.com/63144‚Ä¶""]","Exclusive: Ashton Kutcher steps down as chairman of the board of Thorn, the anti-child-sex-abuse organization he co-founded in 2009 with his then-wife Demi Moore.",285.0,30.0,33.0
401,time,['NA'],Princess Diana's black sheep sweater just sold for over $1 million time.com/63112‚Ä¶,100.0,4.0,5.0
402,time,['NA'],Introducing the 2023 TIME100 Next time.com/colle‚Ä¶,132.0,55.0,17.0
403,time,['NA'],A Stanford primary care physician and oncologist explains why it takes forever to get a doctor's appointment time.com/63132‚Ä¶,68.0,1.0,11.0
404,time,['NA'],"Martin Scorsese takes us behind the scenes of ""Killers of the Flower Moon""‚Äîand opens up about what's next in his long career time.com/63114‚Ä¶",921.0,16.0,110.0
405,time,['NA'],The 100 most influential people in artificial intelligence time.com/colle‚Ä¶,647.0,41.0,159.0
406,time,"[""Walter Isaacson reports on Musk's longstanding concerns about AI‚Äîand the lengths he's going to control its future time.com/63100‚Ä¶""]",Elon Musk's fears about AI have led to battles with Google's Larry Page and OpenAI's Sam Altman.,211.0,80.0,37.0
407,time,['NA'],Moderna says its new COVID-19 vaccine protects against the  BA.2.86 variant time.com/63112‚Ä¶,311.0,11.0,32.0
408,time,"['Priscilla: time.com/63105‚Ä¶', 'The Killer: time.com/63104‚Ä¶', 'Maestro: time.com/63101‚Ä¶', 'Poor Things: time.com/63104‚Ä¶']",TIME reviews films out of Venice Film Festival üéûÔ∏è,139.0,2.0,9.0
409,time,"['""Whether for preventing disease or optimizing the treatment of disease, behavior is indeed a miracle drug."" time.com/63099‚Ä¶']",From @ariannahuff:,126.0,6.0,20.0
410,time,['NA'],How to watch tonight's super blue moon time.com/63097‚Ä¶,429.0,7.0,51.0
411,time,['NA'],"This is what experts are saying about who should be receiving which shots, and when time.com/63091‚Ä¶",107.0,27.0,27.0
412,time,['NA'],What do hurricane categories actually mean? time.com/49467‚Ä¶,143.0,3.0,10.0
413,time,"[""Brian Michael Jenkins on why pandemics don't ever really end, they echo: time.com/63076‚Ä¶""]","""More than 50,000 COVID-19 deaths have been reported in the U.S. in 2023. Somehow, this has come to be seen as almost normal.""",274.0,9.0,76.0
414,time,['NA'],America has reached peak therapy. Why is our mental health getting worse? time.com/63080‚Ä¶,160.0,30.0,31.0
415,time,['NA'],"Bob Barker, the iconic host of 'The Price Is Right,' dies at 99 time.com/57230‚Ä¶",354.0,14.0,36.0
416,time,['NA'],Inside the staggering economic impact of Taylor Swift's #ErasTour time.com/63074‚Ä¶,704.0,11.0,80.0
417,time,['We ranked who got the worst of it time.com/63080‚Ä¶'],#AJLT wronged so many characters this season.,90.0,2.0,5.0
418,time,['NA'],Will the new COVID-19 vaccine work against the BA.2.86 variant? time.com/63084‚Ä¶,216.0,20.0,46.0
419,time,"[""But the fight to save them is heating up, too. In our latest cover story, find out why there's hope for the deep blue sea yet."", 'Photograph by Cristina Mittermeier‚ÄîSeaLegacy time.com/63072‚Ä¶']","The climate crisis is threatening the future of the most important place on earth, heating up our oceans.",1300.0,19.0,265.0
420,time,['NA'],Hello from desktop üëã,559.0,41.0,28.0
421,time,['NA'],Here is Donald Trump‚Äôs mug shot time.com/63083‚Ä¶,417.0,30.0,30.0
422,time,['NA'],COVID-19 cases are rising. Should you get a booster shot? time.com/63010‚Ä¶,367.0,49.0,56.0
423,time,['NA'],How TikTok changed the meaning of a million followers time.com/62993‚Ä¶,212.0,14.0,24.0
424,time,['NA'],Wondering what to read next? Here are the 10 new books coming out this month that we recommend time.com/62989‚Ä¶,336.0,12.0,45.0
425,time,['NA'],Why some experts are concerned about Threads‚Äô privacy policy time.com/62997‚Ä¶,334.0,42.0,40.0
426,washingtontimes,['NA'],"◊ë◊ô◊©◊®◊ê◊ú ◊ê◊ô◊© ◊ú◊ê ◊û◊§◊ß◊§◊ß ◊ë◊§◊ò◊®◊ô◊ï◊ò◊ô◊ï◊™ ◊©◊ú ◊†◊™◊†◊ô◊î◊ï. ◊ê◊ì◊ù ◊©◊ú◊ê ◊î◊ô◊°◊° ◊ú◊©◊®◊™ ◊ê◊™ ◊ê◊®◊¶◊ï ◊ô◊ï◊™◊® ◊û◊ó◊û◊ô◊©◊ô◊ù ◊©◊†◊î! ◊ê◊ë◊ú ◊ê◊ï◊ú◊ô ◊î◊í◊ô◊¢ ◊î◊ñ◊û◊ü ◊©◊î◊ï◊ê ◊ô◊ô◊™◊ü ◊ê◊™ ◊û◊ß◊ï◊û◊ï ◊ú◊û◊ô◊©◊î◊ï ◊©◊ó◊ï◊©◊ë ◊ß◊¶◊™ ◊ô◊ï◊™◊® ◊®◊¶◊ô◊ï◊†◊ú◊ô ◊ï◊©◊ï◊ú◊ò ◊ô◊ï◊™◊® ◊ë◊®◊í◊©◊ï◊™◊ô◊ï! ◊†◊™◊†◊ô◊î◊ï, ◊ê◊ô◊© ◊ú◊õ◊ú ◊¢◊ï◊†◊ï◊™ ◊î◊©◊†◊î, ◊ê◊ë◊ú ◊¢◊ú ◊°◊£ ◊§◊®◊ô◊©◊î!
Netanyahu",,,
